[{"family":"MaterialIcons","fonts":[{"asset":"fonts/MaterialIcons-Regular.otf"}]},{"family":"Outfit-Regular","fonts":[{"asset":"assets/fonts/Outfit-Regular.ttf"}]},{"family":"Outfit-Medium","fonts":[{"asset":"assets/fonts/Outfit-Medium.ttf"}]},{"family":"Outfit-Bold","fonts":[{"asset":"assets/fonts/Outfit-Bold.ttf"}]},{"family":"packages/cupertino_icons/CupertinoIcons","fonts":[{"asset":"packages/cupertino_icons/assets/CupertinoIcons.ttf"}]},{"family":"packages/syncfusion_flutter_datagrid/UnsortIcon","fonts":[{"asset":"packages/syncfusion_flutter_datagrid/assets/font/UnsortIcon.ttf"}]},{"family":"packages/syncfusion_flutter_datagrid/FilterIcon","fonts":[{"asset":"packages/syncfusion_flutter_datagrid/assets/font/FilterIcon.ttf"}]}]