{"assets/fonts/Outfit-Bold.ttf":["assets/fonts/Outfit-Bold.ttf"],"assets/fonts/Outfit-Medium.ttf":["assets/fonts/Outfit-Medium.ttf"],"assets/fonts/Outfit-Regular.ttf":["assets/fonts/Outfit-Regular.ttf"],"assets/images/cashback-refund-concept-concept-illustration_86047-198.avif":["assets/images/cashback-refund-concept-concept-illustration_86047-198.avif"],"assets/images/facebook.png":["assets/images/facebook.png"],"assets/images/googleplay.png":["assets/images/googleplay.png"],"assets/images/ic_app_store.png":["assets/images/ic_app_store.png"],"assets/images/ic_play_store.png":["assets/images/ic_play_store.png"],"assets/images/icon.png":["assets/images/icon.png"],"assets/images/icon16.png":["assets/images/icon16.png"],"assets/images/instagram.png":["assets/images/instagram.png"],"assets/images/login_img.jpeg":["assets/images/login_img.jpeg"],"assets/images/logo1080.png":["assets/images/logo1080.png"],"assets/images/logo128.png":["assets/images/logo128.png"],"assets/images/telegram.png":["assets/images/telegram.png"],"assets/images/transfer_1.png":["assets/images/transfer_1.png"],"assets/images/transfer_2.png":["assets/images/transfer_2.png"],"assets/images/whatsapp.png":["assets/images/whatsapp.png"],"assets/images/youtube.png":["assets/images/youtube.png"],"packages/cupertino_icons/assets/CupertinoIcons.ttf":["packages/cupertino_icons/assets/CupertinoIcons.ttf"],"packages/syncfusion_flutter_datagrid/assets/font/FilterIcon.ttf":["packages/syncfusion_flutter_datagrid/assets/font/FilterIcon.ttf"],"packages/syncfusion_flutter_datagrid/assets/font/UnsortIcon.ttf":["packages/syncfusion_flutter_datagrid/assets/font/UnsortIcon.ttf"]}